# Gaming Currency Calculator Redirects (Consolidated to Unified Converter)
# All individual calculators redirect to /gaming-currency-converter/ with hash navigation

# Root-level Calculator Redirects
Redirect 301 /robux-calculator/ https://forgeapis.com/gaming-currency-converter/#robux
Redirect 301 /vbucks-calculator/ https://forgeapis.com/gaming-currency-converter/#vbucks
Redirect 301 /cod-points-calculator/ https://forgeapis.com/gaming-currency-converter/#cod-points
Redirect 301 /fifa-points-calculator/ https://forgeapis.com/gaming-currency-converter/#fifa-points
Redirect 301 /apex-coins-calculator/ https://forgeapis.com/gaming-currency-converter/#apex-coins
Redirect 301 /minecoins-calculator/ https://forgeapis.com/gaming-currency-converter/#minecoins

# Gaming Calculators Subdirectory Redirects

# Robux Calculator
Redirect 301 /gaming-calculators/robux/ https://forgeapis.com/gaming-currency-converter/#robux
Redirect 301 /gaming-calculators/robux/index.html https://forgeapis.com/gaming-currency-converter/#robux
Redirect 301 /gaming-calculators/robux/guide.html https://forgeapis.com/gaming-currency-converter/#robux
Redirect 301 /gaming-calculators/robux/tax-calculator.html https://forgeapis.com/gaming-currency-converter/#robux

# V-Bucks Calculator
Redirect 301 /gaming-calculators/vbucks/ https://forgeapis.com/gaming-currency-converter/#vbucks
Redirect 301 /gaming-calculators/vbucks/index.html https://forgeapis.com/gaming-currency-converter/#vbucks
Redirect 301 /gaming-calculators/vbucks/guide.html https://forgeapis.com/gaming-currency-converter/#vbucks

# COD Points Calculator
Redirect 301 /gaming-calculators/cod-points/ https://forgeapis.com/gaming-currency-converter/#cod-points
Redirect 301 /gaming-calculators/cod-points/index.html https://forgeapis.com/gaming-currency-converter/#cod-points
Redirect 301 /gaming-calculators/cod-points/guide.html https://forgeapis.com/gaming-currency-converter/#cod-points

# FIFA Points Calculator
Redirect 301 /gaming-calculators/fifa-points/ https://forgeapis.com/gaming-currency-converter/#fifa-points
Redirect 301 /gaming-calculators/fifa-points/index.html https://forgeapis.com/gaming-currency-converter/#fifa-points
Redirect 301 /gaming-calculators/fifa-points/guide.html https://forgeapis.com/gaming-currency-converter/#fifa-points

# Apex Coins Calculator
Redirect 301 /gaming-calculators/apex-coins/ https://forgeapis.com/gaming-currency-converter/#apex-coins
Redirect 301 /gaming-calculators/apex-coins/index.html https://forgeapis.com/gaming-currency-converter/#apex-coins
Redirect 301 /gaming-calculators/apex-coins/guide.html https://forgeapis.com/gaming-currency-converter/#apex-coins

# Minecoins Calculator
Redirect 301 /gaming-calculators/minecoins/ https://forgeapis.com/gaming-currency-converter/#minecoins
Redirect 301 /gaming-calculators/minecoins/index.html https://forgeapis.com/gaming-currency-converter/#minecoins
Redirect 301 /gaming-calculators/minecoins/guide.html https://forgeapis.com/gaming-currency-converter/#minecoins

# LoL RP Calculator (redirects to main converter)
Redirect 301 /gaming-calculators/lol-rp/ https://forgeapis.com/gaming-currency-converter/
Redirect 301 /gaming-calculators/lol-rp/index.html https://forgeapis.com/gaming-currency-converter/
